,Name,Rating,No. of Reviews,Type of Company
0,TCS,3.3,1.2L,IT Services & Consulting 
1,Accenture,3.7,74.3k,IT Services & Consulting 
2,Wipro,3.6,65.7k,IT Services & Consulting 
3,Cognizant,3.7,62k,IT Services & Consulting 
4,Capgemini,3.6,54k,IT Services & Consulting 
5,HDFC Bank,3.8,53.1k,Banking 
6,Infosys,3.5,49.3k,IT Services & Consulting 
7,HCLTech,3.4,46.5k,IT Services & Consulting 
8,ICICI Bank,3.9,46.3k,Banking 
9,Tech Mahindra,3.3,43.8k,IT Services & Consulting 
10,Genpact,3.6,42.8k,Analytics & KPO 
11,TP,3.9,39.1k,BPO 
12,Jio,4.4,33.8k,Telecom 
13,Axis Bank,3.6,33.7k,Banking 
14,Concentrix Corporation,3.6,32.6k,BPO 
15,Amazon,3.9,31.8k,Internet 
16,Reliance Retail,3.9,27.6k,Retail 
17,iEnergizer,4.6,27.3k,BPO 
18,LTIMindtree,3.6,26.7k,IT Services & Consulting 
19,IBM,3.9,26k,IT Services & Consulting 
20,HDB Financial Services,3.9,26k,NBFC 
21,Larsen & Toubro Limited,3.9,24.1k,Engineering & Construction 
22,Deloitte,3.6,23.5k,Management Consulting 
23,Kotak Mahindra Bank,3.6,22.7k,Banking 
24,Reliance Industries,4.0,20.4k,Oil & Gas 
25,Vodafone Idea,3.9,17.7k,Telecom 
26,Bharti Airtel,3.8,17.2k,Telecom 
27,BYJU'S,3.2,16.4k,EdTech 
28,WNS,3.3,15.4k,IT Services & Consulting 
29,IDFC FIRST Bank,3.9,14.9k,Banking 
30,Ernst & Young,3.4,14.8k,Management Consulting 
31,IndusInd Bank,3.4,14.4k,Banking 
32,AU Small Finance Bank,3.8,14.4k,Banking 
33,Tata Motors,4.1,14.3k,Automobile 
34,Bajaj Finserv,4.0,13.3k,NBFC 
35,Muthoot FinCorp,4.5,13.2k,NBFC 
36,Flipkart,3.9,13.1k,Internet 
37,PwC,3.3,12.9k,Management Consulting 
38,HDFC Life,3.8,12.2k,Insurance 
39,Mahindra & Mahindra,4.0,12.2k,Automobile 
40,Infosys BPM,3.5,12.2k,BPO 
41,DXC Technology,3.6,12.1k,IT Services & Consulting 
42,Bandhan Bank,3.7,11.3k,Banking 
43,Digitide Solutions,3.5,10.5k,IT Services & Consulting 
44,Mphasis,3.3,10.3k,IT Services & Consulting 
45,Yes Bank,3.7,10.3k,Banking 
46,Tata Steel,4.0,10k,Iron & Steel 
47,Quess,3.8,9.9k,Recruitment 
48,Asian Paints,3.9,9.7k,Chemicals 
49,Maruti Suzuki,4.1,9.6k,Automobile 
50,Startek,3.0,9.6k,BPO 
51,UltraTech Cement,4.1,9.6k,Building Material 
52,Paytm,3.2,9.4k,FinTech 
53,Bajaj Finance,3.9,9.4k,NBFC 
54,Shriram Finance,3.9,9.2k,NBFC 
55,Sutherland Global Services,3.4,9.1k,BPO 
56,Equitas Small Finance Bank,4.3,8.9k,Banking 
57,Wells Fargo,3.6,8.8k,Financial Services 
58,Cipla,4.1,8.7k,Pharma 
59,EXL Service,3.6,8.7k,Analytics & KPO 
60,Ericsson,3.9,8.5k,Telecom 
61,Samsung,3.9,8.4k,Consumer Electronics & Appliances 
62,Dr. Reddy's,4.0,8.3k,Pharma 
63,Optum Global Solutions,4.0,8.1k,IT Services & Consulting 
64,JSW Steel,3.9,8k,Iron & Steel 
65,JPMorgan Chase & Co.,3.8,7.9k,Financial Services 
66,Delhivery,3.8,7.9k,Logistics 
67,Coforge,3.3,7.9k,IT Services & Consulting 
68,ICICI Prudential Life Insurance,3.9,7.9k,Insurance 
69,Hexaware Technologies,3.4,7.8k,IT Services & Consulting 
70,Jana Small Finance Bank,3.7,7.7k,Banking 
71,Sun Pharmaceutical Industries,4.0,7.7k,Pharma 
72,Ujjivan Small Finance Bank,4.0,7.7k,Banking 
73,HGS,3.7,7.6k,Emerging Technologies 
74,Zydus Lifesciences,4.0,7.6k,Pharma 
75,Ekart Logistics,3.9,7.6k,Logistics 
76,Amazon Development Centre India,3.8,7.5k,Internet 
77,Lupin,4.1,7.4k,Pharma 
78,KPMG India,3.4,7.4k,Management Consulting 
79,Axis Max Life Insurance,4.0,7.3k,Insurance 
80,L&T Construction,4.0,7.3k,Engineering & Construction 
81,ITC,3.9,7.3k,FMCG 
82,Hindustan Unilever,4.2,7.2k,FMCG 
83,Megha Engineering & Infrastructures,3.9,7k,Engineering & Construction 
84,Tata Projects,4.2,6.9k,Engineering & Construction 
85,Cholamandalam Investment & Finance,3.8,6.8k,Financial Services 
86,Bajaj Life Insurance,3.8,6.7k,Insurance 
87,L&T Technology Services,3.1,6.7k,IT Services & Consulting 
88,FIS,3.8,6.6k,FinTech 
89,Oracle,3.3,6.6k,Software Product 
90,Omega Healthcare,3.8,6.5k,BPO 
91,JLL,4.1,6.5k,Real Estate 
92,Muthoot Finance,3.7,6.5k,NBFC 
93,IIFL Finance,4.0,6.4k,NBFC 
94,eClerx,3.1,6.4k,IT Services & Consulting 
95,Indian Army,4.7,6.3k,Defence & Aerospace 
96,DMart,3.9,6.2k,Retail 
97,Piramal Finance,4.2,6.2k,NBFC 
98,PolicyBazaar,3.7,6.2k,Internet 
99,Virtusa Consulting Services,3.7,6.2k,IT Services & Consulting 
100,HSBC Group,3.8,6.1k,Financial Services 
101,Indiamart Intermesh,3.5,6.1k,Internet 
102,HCL Group,3.5,6.1k,IT Services & Consulting 
103,SMFG India Credit,3.9,6k,NBFC 
104,Access Healthcare,3.7,6k,BPO 
105,BigBasket,3.9,5.9k,Internet 
106,Siemens,4.0,5.9k,Industrial Automation 
107,Manappuram Finance,3.9,5.9k,NBFC 
108,ICICI Lombard General Insurance Company,3.5,5.9k,Insurance 
109,Firstsource Solutions,3.5,5.9k,BPO 
110,GlobalLogic,3.5,5.8k,IT Services & Consulting 
111,Aurobindo Pharma,4.0,5.8k,Pharma 
112,Tata Capital,4.0,5.8k,NBFC 
113,Shapoorji Pallonji Group,4.1,5.8k,Engineering & Construction 
114,UST,3.7,5.8k,IT Services & Consulting 
115,Standard Chartered,3.6,5.7k,Banking 
116,Udaan,3.9,5.7k,Internet 
117,Mahindra Finance,3.9,5.7k,NBFC 
118,Apollo Hospitals,4.0,5.7k,Healthcare 
119,Swiggy,3.7,5.7k,Internet 
120,Bosch Global Software Technologies,3.7,5.7k,IT Services & Consulting 
121,Citicorp,3.6,5.6k,Financial Services 
122,Ashok Leyland,4.0,5.6k,Automobile 
123,Hero MotoCorp,4.1,5.5k,Automobile 
124,CGI Inc,4.0,5.5k,IT Services & Consulting 
125,SBI Cards & Payment Services,3.6,5.4k,Financial Services 
126,Cyient,3.6,5.4k,IT Services & Consulting 
127,NTT DATA,3.8,5.3k,IT Services & Consulting 
128,BNY,3.6,5.3k,Financial Services 
129,Kalpataru Projects International,4.2,5.3k,Engineering & Construction 
130,IQVIA,3.7,5.3k,Clinical Research 
131,Nagarjuna Construction Company,4.0,5.3k,Engineering & Construction 
132,Schneider Electric,4.1,5.2k,Industrial Automation 
133,SBI Life Insurance Company,3.7,5.2k,Insurance 
134,JustDial,3.5,5.2k,Internet 
135,CBRE,4.1,5.2k,Real Estate 
136,TVS Motor,3.8,5.2k,Automobile 
137,Persistent Systems,3.6,5.1k,IT Services & Consulting 
138,State Bank of India,3.8,5k,Banking 
139,KEC International,4.0,5k,Engineering & Construction 
140,ITC Infotech,3.8,5k,IT Services & Consulting 
141,Atos,3.8,5k,IT Services & Consulting 
142,vivo,4.0,4.9k,Consumer Electronics & Appliances 
143,Amdocs,3.6,4.9k,Software Product 
144,JBM Group,3.9,4.9k,Auto Components 
145,Varun Beverages,4.0,4.9k,Beverage 
146,Ecom Express,4.1,4.8k,Logistics 
147,Utkarsh Small Finance Bank,3.6,4.8k,Banking 
148,Nagarro,3.9,4.8k,IT Services & Consulting 
149,Eviden,3.6,4.8k,IT Services & Consulting 
150,Randstad,3.7,4.8k,Recruitment 
151,EY Global Delivery Services ( EY GDS),3.5,4.7k,IT Services & Consulting 
152,Bosch,4.1,4.7k,Auto Components 
153,Havells,3.9,4.7k,Electrical Equipment 
154,L&T Finance,3.9,4.7k,NBFC 
155,Intas Pharmaceuticals,4.1,4.7k,Pharma 
156,Hewlett Packard Enterprise,4.0,4.7k,IT Services & Consulting 
157,Aditya Birla Fashion and Retail,4.0,4.7k,Fashion & Textile 
158,Cars24,3.4,4.6k,Internet 
159,R1 RCM,3.8,4.6k,BPO 
160,Hetero,3.9,4.6k,Pharma 
161,Tata AIA Life Insurance,3.9,4.6k,Insurance 
162,Mahindra Logistics,3.7,4.6k,Logistics 
163,Home Credit Finance,4.0,4.6k,NBFC 
164,Dell,3.8,4.6k,Consumer Electronics & Appliances 
165,Berger Paints,3.7,4.5k,Chemicals 
166,Deutsche Bank,3.8,4.5k,Banking 
167,Lenskart,3.3,4.5k,Internet 
168,OPPO,3.9,4.5k,Consumer Electronics & Appliances 
169,Hyundai Motor India Limited,4.1,4.5k,Automobile 
170,Motilal Oswal Financial Services,3.7,4.5k,Financial Services 
171,TeamLease Services,3.9,4.4k,Recruitment 
172,VE Commercial Vehicles,3.9,4.4k,Automobile 
173,Thermax Limited,4.2,4.3k,Industrial Machinery 
174,Jubilant Foods Works,3.7,4.3k,Hospitality 
175,Macleods Pharmaceuticals,3.7,4.3k,Pharma 
176,Carelon Global Solutions,3.9,4.3k,IT Services & Consulting 
177,Aakash Educational Services,3.2,4.3k,Education & Training 
178,Bajaj Auto,3.8,4.2k,Automobile 
179,Jindal Steel Limited,3.9,4.2k,Iron & Steel 
180,State Street Corporation,3.5,4.2k,Financial Services 
181,Hindalco Industries,4.2,4.2k,Metals & Mining 
182,LG Electronics,3.8,4.2k,Consumer Electronics & Appliances 
183,Kogta Financial India Limited,4.6,4.2k,NBFC 
184,HDFC ERGO General Insurance,4.0,4.1k,Insurance 
185,Royal Enfield,4.2,4.1k,Automobile 
186,DCB Bank,3.8,4.1k,Banking 
187,John Deere,4.0,4.1k,Industrial Machinery 
188,RBL Bank,3.5,4.1k,Banking 
189,Tata Communications,3.8,4.1k,Telecom 
190,Publicis Sapient,3.2,4.1k,IT Services & Consulting 
191,Cummins,4.3,4k,Industrial Machinery 
192,Alembic Pharmaceuticals,3.9,4k,Pharma 
193,Bank of America,4.1,4k,Banking 
194,Cloudnine Hospital,4.5,4k,Healthcare 
195,Pidilite Industries,4.2,4k,Chemicals 
196,Grasim Industries,4.0,4k,Building Material 
197,Aditya Birla Sun Life Insurance,4.0,3.9k,Insurance 
198,Oyo Rooms,3.0,3.9k,Hospitality 
199,Kyndryl,4.0,3.9k,IT Services & Consulting 
200,PNB MetLife,3.3,3.9k,Insurance 
201,American Express,4.1,3.9k,Financial Services 
202,ADP Private Limited,3.8,3.9k,Software Product 
203,Subros,3.8,3.9k,Auto Components 
204,Aditya Birla Capital,3.8,3.9k,NBFC 
205,KPIT Technologies,2.8,3.9k,Software Product 
206,Escorts Kubota Limited,4.1,3.9k,Industrial Machinery 
207,Viatris,4.1,3.8k,Pharma 
208,XpressBees,4.2,3.8k,Logistics 
209,Altruist Technologies,4.4,3.8k,BPO 
210,Maersk,3.9,3.8k,Logistics 
211,PVR INOX,3.9,3.8k,Media & Entertainment 
212,JK Cement,4.0,3.8k,Building Material 
213,Birlasoft,3.4,3.8k,IT Services & Consulting 
214,Reliance Communications,4.0,3.8k,Telecom 
215,Synechron,3.4,3.8k,IT Services & Consulting 
216,Glenmark Pharmaceuticals,3.8,3.8k,Pharma 
217,PhonePe,4.0,3.7k,FinTech 
218,Kotak Mahindra Life Insurance Company,3.5,3.7k,Insurance 
219,Bharat Electronics,4.2,3.7k,Electronics Manufacturing 
220,Dabur,3.8,3.7k,FMCG 
221,Blinkit,3.8,3.7k,Internet 
222,Sodexo,4.0,3.7k,Hospitality 
223,Cogent E Services,3.1,3.7k,BPO 
224,Godrej & Boyce Manufacturing,3.8,3.7k,Consumer Electronics & Appliances 
225,Abbott,4.1,3.7k,Pharma 
226,Ipca Laboratories,3.8,3.7k,Pharma 
227,Aarti Industries,4.1,3.7k,Agro Chemicals 
228,UNO Minda,4.0,3.6k,Auto Components 
229,Samvardhana Motherson Group,3.7,3.6k,Auto Components 
230,ArcelorMittal Nippon Steel India,4.1,3.6k,Iron & Steel 
231,Reliance Projects & Property Management Services,4.0,3.6k,Other 
232,Reliance Digital,4.1,3.6k,Retail 
233,IGT Solutions,3.2,3.6k,BPO 
234,MRF Tyres,3.6,3.6k,Auto Components 
235,Indian Oil Corporation,4.4,3.6k,Oil & Gas 
236,"NTT DATA, Inc.",3.9,3.5k,IT Services & Consulting 
237,Alkem Laboratories,3.9,3.5k,Pharma 
238,Johnson Controls,3.5,3.5k,Industrial Automation 
239,[24]7.ai,3.4,3.5k,Hospitality 
240,Honda Motorcycle & Scooter,4.1,3.5k,Automobile 
241,Vishal Mega Mart,3.7,3.5k,Retail 
242,Hindustan Coca Cola Beverages,4.0,3.5k,Beverage 
243,Barclays,3.7,3.5k,Banking 
244,UBS,3.8,3.5k,Financial Services 
245,DTDC Express,3.7,3.5k,Logistics 
246,Bajaj General Insurance Limited,3.7,3.5k,Insurance 
247,IndusInd Nippon Life Insurance,3.4,3.4k,Mumbai +494 other locations
248,ABB,4.0,3.4k,Industrial Machinery 
249,TVS Credit Services Ltd,4.2,3.4k,NBFC 
250,RSPL Group,4.0,3.4k,FMCG 
251,Ceat Tyres,3.9,3.4k,Auto Components 
252,AGS Health,3.9,3.4k,Analytics & KPO 
253,NatWest Group,3.9,3.4k,Banking 
254,Ford Motor,4.2,3.4k,Automobile 
255,HARMAN,3.8,3.4k,Consumer Electronics & Appliances 
256,Alstom Transportation,3.7,3.3k,Engineering & Construction 
257,Croma,3.8,3.3k,Retail 
258,Niva Bupa Health Insurance Company,4.0,3.3k,Insurance 
259,InterGlobe Aviation,3.4,3.3k,Aviation 
260,Conduent,3.4,3.3k,BPO 
261,Tata Technologies,3.4,3.3k,Automobile 
262,Tata AIG,4.0,3.3k,Insurance 
263,Indian Air Force,4.6,3.3k,Defence & Aerospace 
264,GeBBS Healthcare Solutions,3.8,3.3k,BPO 
265,Canara HSBC Life Insurance,4.1,3.3k,Insurance 
266,Sagility,3.9,3.3k,BPO 
267,Tata AutoComp Systems,3.7,3.3k,Auto Components 
268,UPL,4.1,3.2k,Agro Chemicals 
269,Jindal Stainless,4.1,3.2k,Iron & Steel 
270,PepsiCo,4.0,3.2k,Food Processing 
271,Max Healthcare,4.0,3.2k,Healthcare 
272,Allcargo Logistics,3.8,3.2k,Logistics 
273,Mankind Pharma,3.8,3.2k,Pharma 
274,Titan Company,4.2,3.2k,Retail 
275,Amazon Transportation Services,4.2,3.2k,Logistics 
276,Dilip Buildcon,3.9,3.2k,Engineering & Construction 
277,S&P Global,4.0,3.2k,Analytics & KPO 
278,Societe Generale Global Solution Centre,3.6,3.2k,IT Services & Consulting 
279,MSN Laboratories,3.6,3.2k,Pharma 
280,Walmart,3.5,3.2k,Retail 
281,Varroc Group,3.6,3.2k,Auto Components 
282,Quest Global,3.5,3.1k,IT Services & Consulting 
283,Marpu Foundation,4.9,3.1k,Non-Profit 
284,Afcons Infrastructure,4.2,3.1k,Engineering & Construction 
285,Ola Electric Mobility,3.3,3.1k,Automobile 
286,ESAF Small Finance Bank,3.6,3.1k,Banking 
287,Torrent Pharmaceuticals,4.0,3.1k,Pharma 
288,IDFC FIRST Bharat,4.2,3.1k,Financial Services 
289,DS Group,4.0,3.1k,FMCG 
290,Tata Electronics,3.8,3.1k,Semiconductors 
291,Tata Elxsi,3.4,3k,IT Services & Consulting 
292,HDFC Sales,3.9,3k,Financial Services 
293,Bharat Financial Inclusion,3.7,3k,Financial Services 
294,Square Yards,3.5,3k,Internet 
295,Zensar Technologies,3.7,3k,IT Services & Consulting 
296,Future Group,4.2,3k,Retail 
297,Suzlon Group,4.0,3k,Power 
298,CMS IT Services,3.1,3k,IT Services & Consulting 
299,Zepto,3.5,3k,Internet 
300,Indus Towers,3.6,3k,Telecom 
301,I Process Services,3.8,3k,Recruitment 
302,Fujitsu,3.8,3k,IT Services & Consulting 
303,ACC,3.9,3k,Building Material 
304,Eternal Limited,3.6,3k,Internet 
305,VVDN Technologies,3.6,3k,IT Services & Consulting 
306,IKS Health,3.6,3k,BPO 
307,Yazaki,3.9,2.9k,Auto Components 
308,Shoppers Stop,4.0,2.9k,Retail 
309,Nokia,4.0,2.9k,Telecom 
310,Shree Cement,3.8,2.9k,Building Material 
311,Apollo Tyres,4.0,2.9k,Auto Components 
312,Fiserv,2.8,2.9k,FinTech 
313,Britannia,4.0,2.9k,Hospitality 
314,Landmark Group,3.8,2.8k,Retail 
315,SRF,4.1,2.8k,Chemicals 
316,Dalmia Bharat Cement,3.9,2.8k,Building Material 
317,Kansai Nerolac Paints,3.8,2.8k,Chemicals 
318,Exl India,3.5,2.8k,Logistics 
319,Blue Dart Express Ltd,3.9,2.8k,Logistics 
320,Physicswallah,3.6,2.8k,EdTech 
321,Nestlé,3.7,2.8k,FMCG 
322,ZS,3.1,2.8k,Management Consulting 
323,UnitedHealth,4.0,2.8k,Healthcare 
324,Exide Industries,3.4,2.8k,Power 
325,Star Health & Allied Insurance,3.5,2.8k,Insurance 
326,Shell,3.9,2.8k,Oil & Gas 
327,Foxconn,3.8,2.8k,Electronics Manufacturing 
328,KPMG Global Services,3.4,2.7k,Management Consulting 
329,Flex,3.9,2.7k,Electronics Manufacturing 
330,Micro Labs,3.6,2.7k,Pharma 
331,TVS Supply Chain Solutions,3.8,2.7k,Logistics 
332,ElasticRun,3.6,2.7k,Logistics 
333,KFintech,3.3,2.7k,Financial Services 
334,Capita,3.5,2.7k,BPO 
335,Whitehat jr,3.3,2.7k,EdTech 
336,G4S,4.0,2.7k,Law Enforcement & Security 
337,Care Health Insurance,3.5,2.7k,Insurance 
338,Gallagher,3.6,2.7k,Insurance 
339,Ajanta Pharma,3.9,2.7k,Pharma 
340,Blue Star,4.0,2.7k,Consumer Electronics & Appliances 
341,Sonalika Tractors,3.5,2.7k,Automobile 
342,Movate,3.1,2.7k,IT Services & Consulting 
343,Voltas,4.0,2.7k,Consumer Electronics & Appliances 
344,Tata Advanced Systems,3.7,2.7k,Defence & Aerospace 
345,Photon Interactive,4.1,2.6k,IT Services & Consulting 
346,BlackBuck,3.7,2.6k,Internet 
347,Adani Power,3.7,2.6k,Power 
348,DBS Bank,3.7,2.6k,Banking 
349,NoBroker,3.0,2.6k,Internet 
350,ACT Fibernet,3.8,2.6k,Telecom 
351,Domino's Pizza,3.9,2.6k,Hospitality 
352,Foundever,3.4,2.6k,BPO 
353,IntouchCX,2.7,2.6k,BPO 
354,Himalaya Wellness,3.9,2.6k,Pharma 
355,Fortis Healthcare,4.0,2.6k,Healthcare 
356,Laurus Labs,4.3,2.6k,Pharma 
357,BT Group,3.8,2.6k,Telecom 
358,V-Mart,4.0,2.6k,Retail 
359,Sahrudaya Healthcare (Medicover Hospitals),4.3,2.6k,Healthcare 
360,JCB,3.9,2.6k,Industrial Machinery 
361,Alldigi Tech,3.8,2.5k,BPO 
362,Northern Trust Operating Services,3.6,2.5k,Financial Services 
363,Sterlite Technologies,3.8,2.5k,Hardware & Networking 
364,Tractors and Farm Equipment,3.9,2.5k,Industrial Machinery 
365,Bajaj Electricals,3.9,2.5k,Consumer Electronics & Appliances 
366,Sammaan Capital Limited,3.7,2.5k,NBFC 
367,Adani Group,3.8,2.5k,Power 
368,Parle Agro,3.9,2.5k,Beverage 
369,CorroHealth Infotech,3.6,2.5k,Analytics & KPO 
370,Emcure Pharmaceuticals,3.6,2.5k,Pharma 
371,ICICI Securities,3.9,2.5k,Financial Services 
372,Planet Spark,3.8,2.5k,EdTech 
373,Biocon Limited,4.0,2.5k,Biotechnology 
374,TaskUs,3.0,2.5k,BPO 
375,Hero FinCorp,3.9,2.5k,NBFC 
376,Mahindra Holidays & Resorts,3.5,2.5k,Hospitality 
377,GAO Tek,4.4,2.5k,Electrical Equipment 
378,Datamatics Global Services,3.4,2.5k,IT Services & Consulting 
379,McDonald's,3.8,2.5k,Hospitality 
380,Intellect Design Arena,3.5,2.5k,Software Product 
381,Mahindra Rural Housing Finance,4.0,2.5k,NBFC 
382,Paras Hospital,4.1,2.4k,Healthcare 
383,Cadila Pharmaceuticals,3.2,2.4k,Pharma 
384,Patanjali Ayurved,3.9,2.4k,FMCG 
385,Syngene International,3.7,2.4k,Clinical Research 
386,Aditya Birla Group,4.1,2.4k,Metals & Mining 
387,Statestreet HCL Services,3.4,2.4k,BPO 
388,Info Edge,3.8,2.4k,Internet 
389,Taj Hotels Resorts and Palaces,4.2,2.4k,Hospitality 
390,Bureau Veritas,3.8,2.4k,Other 
391,RMSI,3.5,2.4k,IT Services & Consulting 
392,3i Infotech,3.4,2.4k,IT Services & Consulting 
393,Cholamandalam MS General Insurance,3.7,2.4k,Insurance 
394,Newgen Software Technologies,4.1,2.4k,IT Services & Consulting 
395,Delhi Public School,3.7,2.4k,Education & Training 
396,Axis Direct,3.7,2.4k,Financial Services 
397,Capgemini Engineering,3.3,2.4k,IT Services & Consulting 
398,Aavas Financiers,3.9,2.4k,NBFC 
399,Cybage,3.7,2.4k,IT Services & Consulting 
400,Straive,3.3,2.4k,IT Services & Consulting 
401,Lodha,4.2,2.4k,Real Estate 
402,KocharTech,3.6,2.3k,IT Services & Consulting 
403,Sopra Steria,3.9,2.3k,IT Services & Consulting 
404,Apollo Pharmacy,3.7,2.3k,Pharma 
405,Xoriant,4.0,2.3k,IT Services & Consulting 
406,Kia India,3.9,2.3k,Automobile 
407,TCE,3.8,2.3k,Engineering & Construction 
408,GVK Emergency Management and Research Institute,3.6,2.3k,Non-Profit 
409,Akums Drugs & Pharmaceuticals Limited,4.2,2.3k,Pharma 
410,Sobha,3.8,2.3k,Real Estate 
411,SBI Securities,3.6,2.3k,Financial Services 
412,Isgec Heavy Engineering,3.8,2.3k,Engineering & Construction 
413,Eureka Forbes,3.6,2.3k,Consumer Electronics & Appliances 
414,Lifestyle,4.2,2.3k,Retail 
415,Team Computers,3.6,2.3k,IT Services & Consulting 
416,Bharat Petroleum,4.2,2.3k,Oil & Gas 
417,Star Union Dai-ichi Life Insurance,3.8,2.3k,Insurance 
418,Endurance Technologies Limited,3.9,2.3k,Auto Components 
419,Daikin Airconditioning India Pvt. Ltd.,4.1,2.3k,Consumer Electronics & Appliances 
420,BNP Paribas,3.7,2.3k,Banking 
421,Panasonic Life Solutions India,3.9,2.3k,Consumer Electronics & Appliances 
422,Myntra,3.8,2.3k,Internet 
423,Radisson Hotels,4.0,2.3k,Hospitality 
424,Unacademy,2.9,2.3k,EdTech 
425,AWL Agri Business,4.1,2.3k,FMCG 
426,Bharti AXA Life Insurance,3.6,2.3k,Insurance 
427,SBI General Insurance,3.5,2.3k,Insurance 
428,Cisco,4.1,2.2k,Hardware & Networking 
429,Renault Nissan Technology & Business Centre India,3.7,2.2k,Automobile 
430,Sify Technologies,3.6,2.2k,IT Services & Consulting 
431,Lava International,3.9,2.2k,Consumer Electronics & Appliances 
432,ValueLabs,3.4,2.2k,IT Services & Consulting 
433,Coromandel International,4.1,2.2k,Agro Chemicals 
434,Allstate,3.7,2.2k,Insurance 
435,Whirlpool,4.0,2.2k,Consumer Electronics & Appliances 
436,Meesho,3.7,2.2k,Internet 
437,Ambuja Cements,3.8,2.2k,Building Material 
438,GlaxoSmithKline Pharmaceuticals,4.1,2.2k,Pharma 
439,Indian Railways,4.2,2.2k,Railways 
440,Shahi Exports,3.9,2.2k,Fashion & Textile 
441,Henry Harvin Education,3.9,2.2k,EdTech 
442,Bank of Baroda,3.5,2.2k,Banking 
443,Mercedes-Benz Research and Development India,3.6,2.2k,IT Services & Consulting 
444,Generali Central Life Insurance,3.4,2.2k,Insurance 
445,Spark Minda,3.8,2.2k,Auto Components 
446,Poonawalla Fincorp,3.5,2.2k,NBFC 
447,Nokia Networks,4.1,2.2k,Hardware & Networking 
448,JK Tyre,3.8,2.2k,Auto Components 
449,Life Insurance Corporation of India,4.4,2.2k,Insurance 
450,Manipal Hospitals,4.0,2.2k,Healthcare 
451,Jio Platforms,3.4,2.2k,IT Services & Consulting 
452,Brakes India,3.9,2.2k,Auto Components 
453,Saint-Gobain,3.8,2.2k,Building Material 
454,upGrad,3.3,2.2k,EdTech 
455,FirstCry,3.5,2.2k,Retail 
456,Cargill,3.9,2.2k,Food Processing 
457,Nuvoco Vistas,4.1,2.1k,Building Material 
458,BHEL,4.2,2.1k,Electrical Equipment 
459,CAMS,3.6,2.1k,Financial Services 
460,Microsoft Corporation,3.8,2.1k,Software Product 
461,Power Mech Projects,3.8,2.1k,Engineering & Construction 
462,Kotak Securities,3.4,2.1k,Financial Services 
463,Infinite Computer Solutions,3.2,2.1k,IT Services & Consulting 
464,Force Motors,3.7,2.1k,Automobile 
465,NTT DATA Business Solutions,4.1,2.1k,IT Services & Consulting 
466,CitiusTech,3.1,2.1k,IT Services & Consulting 
467,Pfizer,3.9,2.1k,Pharma 
468,"Maruti Suzuki India Limited, Hansalpur",4.2,2.1k,Automobile 
469,Huawei Technologies,4.1,2.1k,Telecom 
470,IndusInd General Insurance,3.6,2.1k,Insurance 
471,Simplex Infrastructures,3.4,2.1k,Engineering & Construction 
472,ITC Hotels,4.1,2.1k,Hospitality 
473,Reliance Trends,4.1,2.1k,Retail 
474,EPAM Systems,3.7,2.1k,IT Services & Consulting 
475,Biological E,4.2,2.1k,Pharma 
476,Raymond Lifestyle Limited,4.1,2.1k,Fashion & Textile 
477,Morgan Stanley,3.6,2.1k,Financial Services 
478,SGS,3.7,2.1k,Engineering & Construction 
479,K12 Techno Services,3.7,2.1k,EdTech 
480,Delphi TVS,3.8,2.1k,Auto Components 
481,Ola Cabs,3.2,2.1k,Internet 
482,Renault-Nissan,4.1,2.1k,Automobile 
483,Extramarks Education,3.2,2k,EdTech 
484,YASH Technologies,3.7,2k,IT Services & Consulting 
485,Aditya Birla Health Insurance Co,3.7,2k,Insurance 
486,Narayana Health,4.0,2k,Healthcare 
487,Trent,3.8,2k,Retail 
488,Shadowfax Technologies,3.5,2k,Logistics 
489,Novartis,4.2,2k,Pharma 
490,Provana,4.1,2k,BPO 
491,IDBI Bank,3.3,2k,Banking 
492,Senco Gold,4.4,2k,Jewellery 
493,Haier Appliances India,3.9,2k,Consumer Electronics & Appliances 
494,AECOM,4.2,2k,Engineering & Construction 
495,HSBC Electronic Data Processing,4.0,2k,IT Services & Consulting 
496,SAP,4.1,2k,Software Product 
497,Honeywell Automation,3.7,2k,Industrial Automation 
498,R.R. Donnelley,3.6,2k,Marketing & Advertising 
499,Schindler,3.9,2k,Industrial Machinery 
500,Motherson Automotive Technologies and Engineering,3.7,2k,Auto Components 
501,L&T Energy Hydrocarbon,3.8,2k,Engineering & Construction 
502,Ninjacart,3.8,2k,Internet 
503,Paisabazaar.com,3.4,2k,Internet 
504,State Street Syntel,3.7,2k,Financial Services 
505,NCR Voyix,3.4,2k,IT Services & Consulting 
506,Globiva,3.0,2k,BPO 
507,V-Guard,4.3,2k,Consumer Electronics & Appliances 
508,CMS Infosystems,3.5,2k,Software Product 
509,Uflex,3.8,2k,Packaging 
510,Spinny,3.6,2k,Internet 
511,Aye Finance,4.1,2k,NBFC 
512,Microland,3.5,2k,IT Services & Consulting 
513,Dr Lal PathLabs,4.2,2k,Healthcare 
514,Adecco Group,3.8,2k,Recruitment 
515,CNH (Case New Holland),3.7,2k,Industrial Machinery 
516,Crisil,3.6,2k,Analytics & KPO 
517,Aadhar Housing Finance,4.0,2k,NBFC 
518,Philips,3.8,1.9k,Medical Equipment 
519,TELUS Digital,3.5,1.9k,IT Services & Consulting 
520,Gabriel India Limited,4.1,1.9k,Auto Components 
521,Parle Products,3.9,1.9k,FMCG 
522,HTC Global Services,3.4,1.9k,IT Services & Consulting 
523,Angel One,3.5,1.9k,FinTech 
524,G R Infraprojects,4.1,1.9k,Engineering & Construction 
525,DHL Supply Chain,4.2,1.9k,Logistics 
526,Tata Power,3.9,1.9k,Power 
527,Godrej Properties,3.6,1.9k,Real Estate 
528,ICICI Home Finance,3.7,1.9k,Financial Services 
529,Trident Group,3.2,1.9k,Hospitality 
530,NTPC,4.2,1.9k,Power 
531,CSB Bank,3.2,1.9k,Banking 
532,Thomson Reuters,3.7,1.9k,Software Product 
533,Iris Software,3.7,1.9k,IT Services & Consulting 
534,Google,4.4,1.9k,Software Product 
535,Lucas-TVS,3.9,1.9k,Auto Components 
536,Verizon,3.5,1.9k,Telecom 
537,PI Industries,3.8,1.9k,Agro Chemicals 
538,Infinx,3.7,1.9k,Software Product 
539,Safexpress,3.9,1.9k,Logistics 
540,NeoSOFT,3.3,1.9k,IT Services & Consulting 
541,Torrent Power,3.7,1.9k,Power 
542,Tekwissen,4.9,1.9k,IT Services & Consulting 
543,Polycab Wires,4.0,1.9k,Electrical Equipment 
544,Jindal Saw,4.0,1.9k,Iron & Steel 
545,Hindustan Aeronautics,4.2,1.9k,Defence & Aerospace 
546,Tata Tele Business Services,3.5,1.9k,Telecom 
547,Medi Assist India,3.5,1.9k,Insurance 
548,TVS Sundram Fasteners,3.6,1.9k,Auto Components 
549,AXA Global Business Services,3.7,1.9k,IT Services & Consulting 
550,Aragen Life Sciences,3.9,1.9k,Clinical Research 
551,Capri Global Capital,3.6,1.9k,NBFC 
552,Fusion CX,3.2,1.9k,BPO 
553,Infra.Market,3.9,1.9k,Building Material 
554,KENT RO Systems,3.7,1.9k,Consumer Electronics & Appliances 
555,First American (India),3.5,1.9k,Insurance 
556,Orchids International School,3.9,1.8k,Education & Training 
557,Digit Insurance,3.6,1.8k,Insurance 
558,AkzoNobel,4.1,1.8k,Chemicals 
559,Honda Cars,4.3,1.8k,Automobile 
560,Haldiram Foods International Limited,3.8,1.8k,FMCG 
561,DIVI'S Laboratories,3.6,1.8k,Pharma 
562,Hindustan Petroleum,4.2,1.8k,Oil & Gas 
563,Rungta Mines,4.0,1.8k,Metals & Mining 
564,Innovsource Services,3.9,1.8k,Recruitment 
565,Sterling & Wilson,4.1,1.8k,Engineering & Construction 
566,Adani Green Energy,3.9,1.8k,Power 
567,MetLife,4.0,1.8k,Insurance 
568,Cafe Coffee Day,3.7,1.8k,Hospitality 
569,Air India,3.4,1.8k,Aviation 
570,SS&C TECHNOLOGIES,3.2,1.8k,IT Services & Consulting 
571,USHA International,4.0,1.8k,Consumer Electronics & Appliances 
572,Reckitt Benckiser,3.9,1.8k,FMCG 
573,Pine Labs,3.2,1.8k,FinTech 
574,Stellar Migration,1.3,1.8k,Other 
575,USV,4.0,1.8k,Pharma 
576,LivSpace,3.3,1.8k,Architecture & Interior Design 
577,XBP Global,3.2,1.8k,Internet 
578,Tata Communications Transformation Services,3.8,1.8k,Telecom 
579,HDFC Securities,3.4,1.8k,Financial Services 
